fast_window,slow_window,ma_param,stock_count,valid_sharpe_count,avg_strategy_annual_return,median_strategy_annual_return,std_strategy_annual_return,avg_excess_annual_return,median_excess_annual_return,std_excess_annual_return,worst_excess_annual_return,avg_strategy_sharpe,median_strategy_sharpe,std_strategy_sharpe,worst_strategy_sharpe,avg_sharpe_diff,avg_strategy_max_drawdown,avg_drawdown_improvement,avg_exposure,avg_trade_count,avg_transaction_cost,return_win_rate,sharpe_win_rate,drawdown_win_rate,local_parameter_count,local_mean,local_std,local_min,local_max,local_range,point_minus_local_mean,is_local_peak,robustness_metric,fast_radius,slow_radius,stability_penalty,robustness_score
5,20,5/20,5,5,-0.05089404020608079,-0.027594465683913882,0.06756276444774661,0.02717869504017114,0.032348417548915265,0.11392654136430001,-0.11465208743665012,-0.1251527119814438,-0.051526573034887085,0.36236628835049706,-0.7219343945553893,-0.025199088284831438,-0.4406185878933444,0.16274302819776484,0.43688092729188616,60.2,0.030100000000000005,0.6,0.6,1.0,4,-0.13247265381634882,0.014827799647114153,-0.15736939733829297,-0.11860718668100176,0.03876221065729121,0.0073199418349050305,False,avg_strategy_sharpe,5,10,1.0,-0.14730045346346296
5,30,5/30,5,5,-0.03789424239740413,-0.0680871646380895,0.08239311076921851,0.06182872580384728,0.03353315107713928,0.10501982795803888,-0.03223213954589421,-0.12876131926465667,-0.27863152491688553,0.3614316656593408,-0.47998222356315734,0.04457302125232405,-0.4014568228387946,0.18851929369550735,0.4225772097976571,46.4,0.0232,0.8,0.4,1.0,6,-0.14251933111887125,0.04474535000439925,-0.23304774380845625,-0.09217762763937601,0.14087011616908024,0.013758011854214575,False,avg_strategy_sharpe,5,10,1.0,-0.1872646811232705
10,20,10/20,5,5,-0.03605852896454087,-0.02824361045910051,0.09565277650663075,0.04201420628171106,-0.006388471940516505,0.11583078640574446,-0.032122960776751475,-0.11860718668100176,-0.0376100041661559,0.45161502015591387,-0.7808252662603461,-0.018653562984389437,-0.43161410458170957,0.1717475115093997,0.43645943097997897,54.4,0.027200000000000002,0.4,0.4,1.0,5,-0.15198668550550415,0.04121990593101108,-0.2300428122621255,-0.11860718668100176,0.11143562558112374,0.03337949882450239,True,avg_strategy_sharpe,5,10,1.0,-0.19320659143651522
5,60,5/60,5,5,-0.013729859137332202,-0.03165195544094035,0.14878885584881518,0.06392656643359092,0.07897738329905468,0.04293725851329815,0.0031459122993131583,-0.08667410545011225,-0.11069272839291916,0.5961127961328887,-0.9196570629174385,0.02719775306482238,-0.36392142745494177,0.21856309879055122,0.40858085808580863,29.2,0.014600000000000002,1.0,0.4,1.0,6,-0.1421182688984405,0.06073303942101933,-0.22378103758200374,-0.05100532157724265,0.1727757160047611,0.055444163448328254,False,avg_strategy_sharpe,5,10,1.0,-0.20285130831945986
5,50,5/50,5,5,-0.03113790616579255,-0.07722862489498916,0.1351591864033771,0.039020172213003,0.035877637062556755,0.06481006655811122,-0.055335322164748235,-0.1460512243844243,-0.34477338853149025,0.5311051567052876,-0.7186269644435278,-0.05603199065252958,-0.4117790989514149,0.17371607142035853,0.4026115342763874,33.2,0.0166,0.8,0.6,1.0,6,-0.15052477094653813,0.054004408619327454,-0.23304774380845625,-0.08667410545011225,0.146373638358344,0.004473546562113823,False,avg_strategy_sharpe,5,10,1.0,-0.20452917956586558
5,40,5/40,5,5,-0.020002546835714806,-0.04918118946354677,0.12361586420851882,0.05569918259313098,0.022618901648220224,0.08529123447957476,-0.02551247072149876,-0.09217762763937601,-0.17162183732579817,0.46719604218511257,-0.5237427047109722,0.01581639974526216,-0.38060475772944163,0.20669115861051743,0.4064585575888051,33.8,0.016900000000000002,0.8,0.4,1.0,6,-0.16054501995079687,0.04693045468903383,-0.23304774380845625,-0.09217762763937601,0.14087011616908024,0.06836739231142086,True,avg_strategy_sharpe,5,10,1.0,-0.2074754746398307
10,30,10/30,5,5,-0.025067692492747384,-0.08369919504058476,0.16171654962351406,0.07465527570850403,0.010867532598365814,0.1102017009211075,-0.013590911054134125,-0.15736939733829297,-0.2351386986344782,0.6050354038203674,-0.7812013260451431,0.015964943178687747,-0.40496313243360493,0.18501298410069705,0.4191693290734825,38.0,0.019,0.6,0.4,1.0,8,-0.17949706872732327,0.08071759788305224,-0.3508177508432332,-0.09217762763937601,0.2586401232038572,0.022127671389030296,False,avg_strategy_sharpe,5,10,1.0,-0.2602146666103755
10,40,10/40,5,5,-0.038142278663526395,-0.08233363376029645,0.15934927039859859,0.03755945076531939,0.005708604771840875,0.07954183023830191,-0.03520881928453656,-0.23304774380845625,-0.4985935379084254,0.6057398864571123,-0.6362908605144609,-0.1250537164238181,-0.3870226877235803,0.20027322861637886,0.4034445640473628,27.6,0.013800000000000002,0.6,0.4,1.0,9,-0.2004137349717955,0.07435150723506462,-0.3508177508432332,-0.09217762763937601,0.2586401232038572,-0.03263400883666076,False,avg_strategy_sharpe,5,10,1.0,-0.2747652422068601
5,70,5/70,5,5,-0.009128996997741012,-0.02559017994130941,0.13228940019059024,0.07176758331153302,0.11265057754531682,0.06755285534337045,-0.004378008760967611,-0.05100532157724265,-0.04791539679895838,0.521868584524458,-0.6853304411185868,0.0646386915094406,-0.3356200515680089,0.24569684472257786,0.410678531701891,26.4,0.0132,0.8,0.4,1.0,6,-0.1675067627160763,0.1086195856071315,-0.37940702363379686,-0.05100532157724265,0.3284017020565542,0.11650144113883366,True,avg_strategy_sharpe,5,10,1.0,-0.2761263483232078
10,50,10/50,5,5,-0.026628442310710022,-0.04387025059992833,0.19856772525959526,0.043529636068085534,0.023164928359826198,0.06394869238686031,-0.018086935173878493,-0.20586280726957504,-0.15422918839209915,0.8198043370667786,-1.3931259973626855,-0.11584357353768034,-0.38510746496613424,0.20038770540563924,0.40108813928182807,26.0,0.013000000000000001,0.8,0.2,1.0,9,-0.207223462048187,0.09483963972745077,-0.3514518499752012,-0.08667410545011225,0.26477774452508895,0.0013606547786119694,False,avg_strategy_sharpe,5,10,1.0,-0.3020631017756378
10,60,10/60,5,5,-0.023581380531433972,-0.04119419444966865,0.14420626261697725,0.05407504503948914,0.07180096430538374,0.046854920124760266,-0.019384890645382735,-0.139335117127285,-0.1377657886012986,0.5977029202978104,-0.9616850518648411,-0.02546325861235038,-0.3490560929923589,0.2334284332531341,0.40792079207920795,23.2,0.0116,0.8,0.4,1.0,9,-0.20717237567919,0.1098373567235676,-0.4007969858108463,-0.05100532157724265,0.34979166423360364,0.067837258551905,False,avg_strategy_sharpe,5,10,1.0,-0.3170097324027576
15,40,15/40,5,5,-0.053407915289484874,-0.09787900220433343,0.18248375043672363,0.022293814139360914,-0.018846853801668728,0.08651759838833285,-0.055167747904874886,-0.3508177508432332,-0.5925928923602871,0.7109054340645068,-0.8959163539428862,-0.242823723458595,-0.38861323982864426,0.19868267651131483,0.4036598493003229,28.0,0.014000000000000002,0.4,0.2,1.0,9,-0.2623602675860322,0.06737111521704514,-0.35612878417763244,-0.15736939733829297,0.19875938683933947,-0.08845748325720099,False,avg_strategy_sharpe,5,10,1.0,-0.32973138280307734
30,40,30/40,5,5,-0.043830645700083284,-0.09130830292332892,0.20571707204480252,0.0318710837287625,0.048071128539904584,0.0987707795105069,-0.07938040715282302,-0.33030049095768416,-0.4552616548702848,0.8214646237698925,-1.2953847646409502,-0.222306463573046,-0.43038538890133893,0.15691052743862016,0.40968783638320777,29.2,0.014600000000000002,0.6,0.2,1.0,5,-0.2545893104828712,0.07857584806022495,-0.3453381726860978,-0.12769984790311725,0.21763832478298054,-0.07571118047481296,False,avg_strategy_sharpe,5,10,1.0,-0.33316515854309614
20,40,20/40,5,5,-0.0451394450313501,-0.06341743845914649,0.22373456077655066,0.030562284397495688,-0.009088190914678385,0.09728776706508328,-0.03847378404595214,-0.3439944177053368,-0.34741020968193387,0.8729917765334393,-1.3381809704462528,-0.23600039032069858,-0.40235866559850564,0.18493725074145345,0.40215285252960176,25.8,0.0129,0.4,0.2,1.0,8,-0.2663228975306867,0.07448206810701392,-0.35612878417763244,-0.12769984790311725,0.2284289362745152,-0.07767152017465007,False,avg_strategy_sharpe,5,10,1.0,-0.34080496563770063
15,30,15/30,5,5,-0.04375876941893701,-0.08116702844588441,0.16719753549059277,0.0559641987823144,0.06108297132425855,0.10493569994621178,-0.09693722085231782,-0.2300428122621255,-0.372962374186184,0.605134320276441,-0.638019982878784,-0.056708471745144776,-0.41210853417998783,0.17786758235431407,0.4189563365282215,37.2,0.0186,0.8,0.6,1.0,7,-0.25571544183086836,0.08989199282818915,-0.35612878417763244,-0.11860718668100176,0.23752159749663068,0.02567262956874286,False,avg_strategy_sharpe,5,10,1.0,-0.3456074346590575
25,40,25/40,5,5,-0.026484859643211213,-0.07491654088318778,0.21332745492981886,0.049216869785634575,0.05337724725526316,0.10768362776543766,-0.09668718179807823,-0.23792087248441107,-0.29942465322793965,0.82232826560423,-1.1993128069016483,-0.12992684509977293,-0.3956476042829732,0.19164831205698593,0.41033369214208826,27.4,0.0137,0.8,0.4,1.0,7,-0.2808240498354139,0.07995022803247735,-0.35612878417763244,-0.12769984790311725,0.2284289362745152,0.04290317735100285,False,avg_strategy_sharpe,5,10,1.0,-0.3607742778678913
20,30,20/30,5,5,-0.06473054272229124,-0.0993312811899204,0.17721546352166961,0.03499242547896018,0.04091629495771576,0.08693003124506447,-0.07407615862094152,-0.35612878417763244,-0.5103345317153741,0.6965578151464921,-1.1004734805542855,-0.18279444366065173,-0.44394516656370697,0.1460309499705949,0.4189563365282215,38.4,0.019200000000000002,0.6,0.2,1.0,5,-0.30378092749454777,0.05717471841460988,-0.35612878417763244,-0.2300428122621255,0.12608597191550694,-0.05234785668308467,False,avg_strategy_sharpe,5,10,1.0,-0.36095564590915763
15,50,15/50,5,5,-0.04051253661008791,-0.09031424762220774,0.17898001950154513,0.02964554176870764,0.04060840730703841,0.06285644356030154,-0.06453093219615791,-0.25959293193601957,-0.42218040544361746,0.7612023711974932,-1.2605542898192652,-0.1695736982041248,-0.3695509449991394,0.21594422537263402,0.3989118607181719,22.4,0.0112,0.8,0.4,1.0,9,-0.28145490483809116,0.0857025998723507,-0.4246057619440956,-0.139335117127285,0.28527064481681064,0.02186197290207159,False,avg_strategy_sharpe,5,10,1.0,-0.36715750471044184
15,60,15/60,5,5,-0.061633227937589255,-0.09023538362507211,0.14356656078915364,0.016023197633333864,0.03761087593861623,0.04862296851527585,-0.06842607982078619,-0.3514518499752012,-0.4464999395506796,0.6748453020217071,-1.251170780675169,-0.2375799914602666,-0.4038547423360397,0.1786297839094533,0.40154015401540155,19.4,0.0097,0.8,0.2,1.0,9,-0.2881375085938584,0.09364520171799054,-0.4246057619440956,-0.139335117127285,0.28527064481681064,-0.06331434138134279,False,avg_strategy_sharpe,5,10,1.0,-0.38178271031184896
10,70,10/70,5,5,-0.03696442803305446,-0.04421446447463895,0.14220311656122303,0.04393215227621956,0.026542582048769803,0.04978946799614506,-0.01779761083396947,-0.22378103758200374,-0.15508809354073783,0.6144463570784272,-0.9711173350408339,-0.10813702449532048,-0.37637386160578923,0.20494303468479752,0.41001112347052276,18.8,0.0094,0.8,0.2,1.0,9,-0.2501647151759985,0.15065866102576445,-0.4941930245014813,-0.05100532157724265,0.44318770292423865,0.026383677593994737,False,avg_strategy_sharpe,5,10,1.0,-0.4008233762017629
20,50,20/50,5,5,-0.025889655288933878,-0.056528414968802454,0.18962316649870511,0.044268423089861675,0.05201227604300662,0.07056307530272371,-0.041358337946167834,-0.2243857629336179,-0.24909980732760836,0.779646463386322,-1.2712720976460723,-0.1343665292017232,-0.36174697331882133,0.22374819705295215,0.3965179542981502,21.8,0.010900000000000002,0.8,0.2,1.0,9,-0.3085799194204892,0.09859642656227993,-0.4567500790593697,-0.12769984790311725,0.3290502311562524,0.08419415648687129,False,avg_strategy_sharpe,5,10,1.0,-0.4071763459827691
5,80,5/80,5,5,-0.023325183714380505,-0.03539852807332089,0.12741900712283918,0.06381986029920281,0.10654766793493708,0.08113709895428704,-0.046221791323625805,-0.12483797092601741,-0.1018725050653802,0.5281562245111018,-0.6911957223243173,0.009620833068248147,-0.35504425235796633,0.22443618119358466,0.40832395950506184,22.8,0.0114,0.8,0.4,1.0,6,-0.2629933086178335,0.145976669523765,-0.47526310753201856,-0.05100532157724265,0.4242577859547759,0.1381553376918161,False,avg_strategy_sharpe,5,10,1.0,-0.4089699781415985
20,60,20/60,5,5,-0.0715494640955382,-0.058246742302150434,0.14648850558424925,0.00610696147538492,0.020932819370179434,0.05855889492796243,-0.09304177529985691,-0.4246057619440956,-0.27119888551126026,0.7492532081505116,-1.516076016697073,-0.31073390342916096,-0.39073867325135236,0.19174585299414065,0.40022002200220025,19.4,0.0097,0.8,0.4,1.0,9,-0.3367403969329428,0.10364961534166003,-0.4567500790593697,-0.12769984790311725,0.3290502311562524,-0.08786536501115283,False,avg_strategy_sharpe,5,10,1.0,-0.44039001227460284
25,50,25/50,5,5,-0.005665550937257046,-0.01381115651468623,0.19922772580086456,0.06449252744153851,0.05446110678683713,0.09462886113892947,-0.07249140948662358,-0.12769984790311725,-0.014395000329151112,0.859815646148798,-1.3292417446620846,-0.03768061417122258,-0.3625273965670845,0.2229677738046889,0.39869423286180633,21.6,0.0108,0.8,0.6,1.0,9,-0.33560947204179736,0.11809521223872262,-0.5294898427024466,-0.12769984790311725,0.4017899947993293,0.2079096241386801,True,avg_strategy_sharpe,5,10,1.0,-0.45370468428051997
20,70,20/70,5,5,-0.06344776543762425,-0.0922773527253059,0.12346746237729311,0.017448814871649777,0.02659649829560773,0.06149368256552282,-0.08509551356405631,-0.3634253227660814,-0.5299037291530267,0.658815894324418,-1.2287629279988697,-0.2477813096793981,-0.4108211843656228,0.170495711924964,0.4046718576195773,16.0,0.008,0.8,0.4,1.0,9,-0.41606905235100744,0.04591515464942856,-0.4941930245014813,-0.3514518499752012,0.1427411745262801,0.052643729584926025,False,avg_strategy_sharpe,5,10,1.0,-0.461984207000436
15,70,15/70,5,5,-0.07004125970721627,-0.08147658906758115,0.13766183357311634,0.010855320602057761,0.037397261953332483,0.055529373720450165,-0.08670374983187379,-0.4007969858108463,-0.4248150460181019,0.6701929945731255,-1.3099635108435315,-0.28515297272416296,-0.4162349900412434,0.16508190624934335,0.4133481646273637,16.8,0.008400000000000001,0.8,0.2,1.0,9,-0.3596703966803239,0.10622963171708073,-0.4941930245014813,-0.139335117127285,0.3548579073741963,-0.04112658913052236,False,avg_strategy_sharpe,5,10,1.0,-0.46590002839740463
25,80,25/80,5,5,-0.06509770132118578,-0.05336056594104832,0.09399226860607379,0.022047342692397543,-0.013301969292735527,0.06322237950363022,-0.036397645604029805,-0.3714059702517315,-0.24083364712133154,0.6365850433225844,-1.4353024916295136,-0.2369471662574659,-0.38189976945804716,0.19758066409350386,0.40044994375703036,13.2,0.0066,0.4,0.2,1.0,9,-0.4202834174559206,0.05215364672858502,-0.5400095392949406,-0.3634253227660814,0.17658421652885914,0.04887744720418913,False,avg_strategy_sharpe,5,10,1.0,-0.47243706418450565
25,70,25/70,5,5,-0.06862275580812471,-0.0492891242411736,0.13023726576231345,0.01227382450114931,0.010353119710688974,0.055576584613067304,-0.06138972130033482,-0.4219550300681359,-0.2611896690825559,0.8000324999483087,-1.7267034863698751,-0.3063110169814526,-0.39425909694667666,0.1870577993439101,0.400222469410456,15.6,0.0078,0.6,0.4,1.0,9,-0.4272888997969449,0.04872217914087712,-0.5294898427024466,-0.3634253227660814,0.16606451993636517,0.005333869728809004,False,avg_strategy_sharpe,5,10,1.0,-0.476011078937822
30,50,30/50,5,5,-0.05537248109059869,-0.06375491611828632,0.15521961167095072,0.014785597288196861,0.042612105898208075,0.057683626859212876,-0.08783057084027424,-0.3453381726860978,-0.29637827785087323,0.7765339192118026,-1.4727490064551538,-0.2553189389542031,-0.40218630005827044,0.18330887031350301,0.4047878128400435,21.0,0.010499999999999999,0.8,0.2,1.0,8,-0.3481184693744539,0.13732384509365808,-0.5294898427024466,-0.12769984790311725,0.4017899947993293,0.0027802966883561098,False,avg_strategy_sharpe,5,10,1.0,-0.485442314468112
25,60,25/60,5,5,-0.06813800075033441,-0.07577886675221857,0.15577257387406593,0.00951842482058871,0.026498450983837407,0.06145998131396836,-0.0989021996234909,-0.4567500790593697,-0.40233836750573054,0.8136761868970135,-1.6175766697237102,-0.34287822054443506,-0.41173909590785335,0.17074543033763967,0.4,18.6,0.0093,0.8,0.2,1.0,9,-0.36952794295965663,0.11693427110481999,-0.5294898427024466,-0.12769984790311725,0.4017899947993293,-0.08722213609971308,False,avg_strategy_sharpe,5,10,1.0,-0.48646221406447665
20,80,20/80,5,5,-0.07938497660567216,-0.06121954393122464,0.10664817940814911,0.0077600674079111535,-0.009431618383397677,0.04036078618987452,-0.027240867089388,-0.4600374467821238,-0.29930309966081786,0.6643644844376915,-1.5223686500646252,-0.3255786427878583,-0.41726879738758454,0.16221163616396644,0.40629921259842516,13.6,0.0068000000000000005,0.4,0.0,1.0,9,-0.43120147497009836,0.06096399443559637,-0.561212691208733,-0.3634253227660814,0.19778736844265155,-0.028835971812025463,False,avg_strategy_sharpe,5,10,1.0,-0.4921654694056947
10,80,10/80,5,5,-0.06618956829058684,-0.07655046214939842,0.12314779539107262,0.020955475722996476,0.054266053709840056,0.062187092357733814,-0.06284025149877892,-0.37940702363379686,-0.41257752798599345,0.6012832252252752,-1.150585763390181,-0.2449482196395313,-0.39870721696757006,0.180773216583981,0.40832395950506184,18.8,0.0094,0.6,0.2,1.0,9,-0.33712917258089575,0.16322035329477783,-0.561212691208733,-0.05100532157724265,0.5102073696314903,-0.042277851052901105,False,avg_strategy_sharpe,5,10,1.0,-0.5003495258756736
35,50,35/50,5,5,-0.046716142806281356,-0.013466698163861035,0.14310544380584683,0.023441935572514193,0.023663149960783336,0.06677308092289501,-0.05364106244757749,-0.2316871683830458,0.01128752502734115,0.8084771844723454,-1.5697985940101635,-0.14166793465115107,-0.3667123492611939,0.21878282111057956,0.41240478781284,24.2,0.012100000000000001,0.6,0.4,1.0,7,-0.407989763672565,0.10237158267145785,-0.5294898427024466,-0.2316871683830458,0.2978026743194008,0.17630259528951922,True,avg_strategy_sharpe,5,10,1.0,-0.5103613463440229
15,80,15/80,5,5,-0.08704073467541631,-0.08514764482237358,0.11050803684291481,0.00010430933816700794,-0.006036332570159231,0.03762191629027515,-0.04856183602753572,-0.4941930245014813,-0.42666107771952033,0.6592450477403864,-1.4921957546112294,-0.35973422050721576,-0.4372167994037369,0.14226363414781412,0.4092238470191226,16.0,0.008,0.4,0.0,1.0,9,-0.4205790515352875,0.09059622071110897,-0.561212691208733,-0.22378103758200374,0.3374316536267292,-0.07361397296619376,False,avg_strategy_sharpe,5,10,1.0,-0.5111752722463965
30,60,30/60,5,5,-0.08651118099605686,-0.0893850666046021,0.13619232256493688,-0.008854755425133743,0.005128378007346557,0.03907188156715816,-0.06757576280031619,-0.5294898427024466,-0.4771203265264476,0.8105788624216456,-1.7898016350193053,-0.41561798418751195,-0.4538396483108523,0.12864487793464072,0.39735973597359736,17.8,0.0089,0.6,0.0,1.0,9,-0.391065614327405,0.12668635174343845,-0.5294898427024466,-0.12769984790311725,0.4017899947993293,-0.1384242283750416,False,avg_strategy_sharpe,5,10,1.0,-0.5177519660708434
5,90,5/90,5,5,-0.053561005909738446,-0.07854564083621185,0.13785756411787184,0.03758347405171427,0.09183074566426097,0.08017495964897134,-0.0660291226142693,-0.3236653904559218,-0.3688336870718021,0.6012901039032539,-0.8542710581702959,-0.1734109323363819,-0.3835262495754992,0.19435804667231799,0.4063708759954494,22.4,0.0112,0.6,0.4,0.8,6,-0.3794018598701053,0.14125778349165377,-0.5856968409269969,-0.12483797092601741,0.4608588700009795,0.055736469414183476,False,avg_strategy_sharpe,5,10,1.0,-0.5206596433617591
35,60,35/60,5,5,-0.09073005339826312,-0.10775396873529763,0.11899150938696935,-0.013073627827340006,0.013902700152912284,0.07436436477423548,-0.11261432304933716,-0.5257612808194589,-0.6645570469247858,0.7349058618631614,-1.55819138118101,-0.4118894223045243,-0.44713574651762655,0.13534877972786646,0.39581958195819583,18.2,0.0091,0.6,0.2,1.0,9,-0.4331834172027463,0.088779252308181,-0.5294898427024466,-0.2316871683830458,0.2978026743194008,-0.09257786361671266,False,avg_strategy_sharpe,5,10,1.0,-0.5219626695109273
40,50,40/50,5,5,-0.09174738824380531,-0.058396224677057185,0.10806414239603698,-0.021589309865009752,0.03158138949179956,0.11683621134722494,-0.18870325696720702,-0.4280943269426675,-0.06819429654615038,0.6715185649679404,-1.5298416417107663,-0.33807509321077284,-0.435456909727386,0.15003826064438747,0.42023939064200216,24.6,0.0123,0.6,0.4,1.0,4,-0.4126999598404317,0.11016774553661858,-0.5257612808194589,-0.2316871683830458,0.2940741124364131,-0.01539436710223585,False,avg_strategy_sharpe,5,10,1.0,-0.5228677053770503
40,60,40/60,5,5,-0.09053381401982048,-0.06100248166377076,0.08937215343302879,-0.012877388448897364,0.00704452126978683,0.07739131812071987,-0.13707089679674012,-0.46525706321655447,-0.3334176697957736,0.555996818506332,-1.4007936414199973,-0.3513852047016198,-0.39905623069154733,0.18342829555394566,0.4041804180418042,19.4,0.0097,0.6,0.0,1.0,6,-0.4319535121437041,0.09481019636070216,-0.5257612808194589,-0.2316871683830458,0.2940741124364131,-0.03330355107285038,False,avg_strategy_sharpe,5,10,1.0,-0.5267637085044062
30,70,30/70,5,5,-0.07338341681600997,-0.04194671988789289,0.12269696077290974,0.007513163493264053,0.015883411676628434,0.048903350912630726,-0.04641819323862062,-0.4321016665739473,-0.2055088840197846,0.7852698028514704,-1.7538055802025299,-0.31645765348726396,-0.4006314849634062,0.18068541132718058,0.39644048943270305,15.6,0.0078,0.6,0.2,1.0,9,-0.4674432369601942,0.07813996766479897,-0.6348888443910592,-0.3714059702517315,0.2634828741393277,0.03534157038624691,False,avg_strategy_sharpe,5,10,1.0,-0.5455832046249931
5,100,5/100,5,5,-0.07294037768871775,-0.09674302924689271,0.09607352554471642,0.02921775047374884,0.017378617212354452,0.07514848931322084,-0.04614601619560943,-0.3875408257458804,-0.4997313578299994,0.5088989676299182,-0.9247332977220518,-0.20548170463027052,-0.4056802071224862,0.16769509789708115,0.3940161104718067,20.4,0.0102,0.6,0.4,1.0,6,-0.46955990670372544,0.09596911976425199,-0.5862440591757327,-0.3236653904559218,0.26257866871981095,0.08201908095784505,False,avg_strategy_sharpe,5,10,1.0,-0.5655290264679774
20,90,20/90,5,5,-0.07434011241503953,-0.04756232314348008,0.10450293223272418,0.01680436754641319,0.009605345608331595,0.052512172702163684,-0.05053516341192976,-0.42709482400050297,-0.2466711454374855,0.7008855430643409,-1.6143531261659405,-0.27684036588096306,-0.39700854298793764,0.1808757532598795,0.4036405005688282,13.4,0.0067,0.8,0.2,1.0,9,-0.4904618863999172,0.08153392409815617,-0.618029184336496,-0.3714059702517315,0.2466232140847645,0.06336706239941425,False,avg_strategy_sharpe,5,10,1.0,-0.5719958104980734
15,90,15/90,5,5,-0.09288497380770822,-0.08957245304711203,0.12259608080132164,-0.0017404938462554976,-0.009748927462620682,0.04120315771132453,-0.04992396379854924,-0.561212691208733,-0.5193325664981798,0.7537259586981919,-1.739971500143292,-0.41095823308919305,-0.4430251528926522,0.13485914335516497,0.4036405005688282,15.2,0.0076,0.4,0.0,1.0,9,-0.5049413531015395,0.07363431365816045,-0.618029184336496,-0.37940702363379686,0.23862216070269915,-0.056271338107193425,False,avg_strategy_sharpe,5,10,1.0,-0.5785756667597
10,90,10/90,5,5,-0.07747921649321854,-0.07199020446757487,0.1286398051703679,0.01366526346823418,0.03831015393365367,0.0665996854526824,-0.08683958633280353,-0.47526310753201856,-0.40319063121392223,0.6846972440612996,-1.3853534636743956,-0.3250086494124786,-0.42445114032719955,0.15343315592061763,0.4072810011376564,16.4,0.0082,0.6,0.4,1.0,9,-0.43887178436303803,0.14570430900383,-0.618029184336496,-0.12483797092601741,0.4931912134104786,-0.03639132316898053,False,avg_strategy_sharpe,5,10,1.0,-0.584576093366868
35,70,35/70,5,5,-0.07553726703177732,-0.044472495891192176,0.10068434358070531,0.005359313277496702,0.02798213845891062,0.0460722051992701,-0.06412354635326811,-0.44880744075102585,-0.20956160157536408,0.7047915434776225,-1.613453664809296,-0.33316342766434265,-0.38844142158851175,0.192875474702075,0.3875417130144605,14.8,0.0073999999999999995,0.6,0.0,1.0,9,-0.5106685264275095,0.09023341900836256,-0.6817678286190486,-0.3858289780245725,0.2959388505944761,0.06186108567648363,False,avg_strategy_sharpe,5,10,1.0,-0.600901945435872
30,80,30/80,5,5,-0.06201046242911292,-0.04354135973707651,0.1047322796451873,0.025134581584470395,-0.006955550942238653,0.055813429300716914,-0.020829556306744212,-0.3858289780245725,-0.171420631987635,0.7387988230860347,-1.6399467838825663,-0.2513701740303069,-0.37541737400863917,0.20406305954291187,0.3934758155230596,13.2,0.0066,0.4,0.2,1.0,9,-0.4834464765683237,0.12010966477062257,-0.7353288404182516,-0.3714059702517315,0.36392287016652014,0.09761749854375118,False,avg_strategy_sharpe,5,10,1.0,-0.6035561413389463
25,90,25/90,5,5,-0.06722096099485912,-0.045877536657106144,0.09354666664170316,0.023923518966593595,0.003993288435304221,0.06081622212318729,-0.050376507890099065,-0.38069197934124915,-0.22150221078252852,0.6330464261265597,-1.4462491232298549,-0.2304375212217092,-0.38037614899127903,0.19750814725653817,0.40136518771331053,12.2,0.0061,0.8,0.2,1.0,9,-0.49136803501850934,0.11657679165662742,-0.7557517202945261,-0.3714059702517315,0.3843457500427946,0.11067605567726019,False,avg_strategy_sharpe,5,10,1.0,-0.6079448266751367
5,110,5/110,5,5,-0.08517985743725727,-0.09381661538019437,0.09787468533059415,0.012177004618103804,0.02088199756304343,0.08648548116826844,-0.09642006453049112,-0.4589492163858019,-0.4716761859539351,0.5691892257907482,-1.039498508438684,-0.3029204043191008,-0.433831728929942,0.12780873819607827,0.389988358556461,23.6,0.011800000000000001,0.6,0.4,0.8,6,-0.5144750588728983,0.09407523613504927,-0.641221941720543,-0.3875408257458804,0.25368111597466264,0.055525842487096466,False,avg_strategy_sharpe,5,10,1.0,-0.6085502950079477
10,100,10/100,5,5,-0.10142559541834686,-0.08879885191961445,0.09586947541744963,0.0007325327441197293,-0.010362985141175618,0.06864039983064765,-0.09029594649683925,-0.5856968409269969,-0.5644144063479662,0.6049785597361714,-1.4174073583379398,-0.403637719811387,-0.4408710322470676,0.13250427277249976,0.3951668584579977,17.2,0.0086,0.4,0.2,1.0,9,-0.5132356735973235,0.10106782656448376,-0.6225197466083301,-0.3236653904559218,0.2988543561524083,-0.07246116732967345,False,avg_strategy_sharpe,5,10,1.0,-0.6143035001618072
5,120,5/120,5,5,-0.08563406985258562,-0.0961861764762707,0.05565804646950833,0.01516349933393617,-0.01870660895390175,0.09363657961434925,-0.07465026882313686,-0.427197469282435,-0.515101742076304,0.39482589313254235,-0.8638522616164658,-0.2696647124771906,-0.41907013440998836,0.1393556105113904,0.3846878680800942,20.4,0.0102,0.4,0.2,0.8,4,-0.5284031716411282,0.08823277345117843,-0.641221941720543,-0.427197469282435,0.21402447243810802,0.10120570235869314,True,avg_strategy_sharpe,5,10,1.0,-0.6166359450923066
15,100,15/100,5,5,-0.10762468546029029,-0.08892032062288069,0.10330727651270796,-0.005466557297823704,-0.0013774367902875673,0.049721055749511155,-0.06011986151019877,-0.618029184336496,-0.5297853255829372,0.7040262694804416,-1.7763391083498785,-0.43597006322088616,-0.4388405674334961,0.13453473758607126,0.40023014959723824,15.2,0.0076,0.4,0.0,1.0,9,-0.5553108745328773,0.06135063462298681,-0.6225197466083301,-0.42709482400050297,0.19542492260782712,-0.0627183098036187,False,avg_strategy_sharpe,5,10,1.0,-0.6166615091558642
40,70,40/70,5,5,-0.0909098256404878,-0.08161865546685776,0.08419953579381799,-0.010013245331213772,-0.021976411514995187,0.08416103878287175,-0.11707409826179627,-0.49211379274947226,-0.4684376673643576,0.58675416363501,-1.4532604090771482,-0.376469779662789,-0.38812925465987436,0.1931876416307124,0.3890989988876529,14.8,0.007400000000000001,0.4,0.2,1.0,6,-0.5414327084244365,0.08707096103254754,-0.6817678286190486,-0.44880744075102585,0.23296038786802276,0.049318915674964214,False,avg_strategy_sharpe,5,10,1.0,-0.628503669456984
20,100,20/100,5,5,-0.09126427399888856,-0.08020228567753018,0.08892240749912655,0.01089385416357802,0.022319437050909774,0.04714554087114714,-0.046150357411881116,-0.5435380349917065,-0.44723812310642796,0.6351880240606447,-1.555468680978138,-0.36147891387609665,-0.41219835732633825,0.16117694769322907,0.4,13.4,0.0067,0.6,0.0,1.0,9,-0.5466123725700114,0.0823435765387637,-0.630271688442475,-0.38069197934124915,0.2495797091012259,0.0030743375783048865,False,avg_strategy_sharpe,5,10,1.0,-0.6289559491087751
15,110,15/110,5,5,-0.11035014153953111,-0.08737713662210689,0.08687987847662001,-0.012993279484170039,-0.026588054789823512,0.05515984705412493,-0.07075618530605388,-0.6225197466083301,-0.4885930369992684,0.6113696148755442,-1.6372305853228148,-0.46649093454162893,-0.4443219116139838,0.11731855551203643,0.3874272409778813,14.2,0.0071,0.4,0.0,1.0,9,-0.6029256111913323,0.04377867853870798,-0.6941548006628053,-0.5435380349917065,0.15061676567109883,-0.019594135416997838,False,avg_strategy_sharpe,5,10,1.0,-0.6467042897300402
10,110,10/110,5,5,-0.10785789946952333,-0.07686561124221414,0.07889494880525863,-0.010501037414162261,-0.014148531098280959,0.08348720218021909,-0.10638949213419291,-0.5862440591757327,-0.4891141904757023,0.5391893547111183,-1.343288883345282,-0.43021524710903175,-0.45029043319478346,0.11135003393123684,0.3862630966239814,16.0,0.008,0.4,0.2,0.8,9,-0.5579504538716691,0.1004278799540383,-0.6941548006628053,-0.3875408257458804,0.30661397491692494,-0.028293605304063663,False,avg_strategy_sharpe,5,10,1.0,-0.6583783338257074
15,120,15/120,5,5,-0.1216621274784017,-0.10607203640110718,0.08141647300691039,-0.02086455829187992,-0.05062856356767609,0.07674212741179441,-0.10233509235483884,-0.6941548006628053,-0.7147112069329336,0.5860387165107455,-1.5666603300402857,-0.5366220438575608,-0.4565912181177566,0.10183452680362212,0.37997644287396937,15.0,0.0075000000000000015,0.4,0.2,0.8,6,-0.6131777400777985,0.045765133594787656,-0.6941548006628053,-0.5567265102840009,0.13742829037880444,-0.08097706058500687,False,avg_strategy_sharpe,5,10,1.0,-0.6589428736725861
20,110,20/110,5,5,-0.10339319577639243,-0.08230830265629163,0.06181951963110667,-0.006036333721031362,-0.03914302943278991,0.08235392551103274,-0.10184467770950045,-0.5781993820153787,-0.4693378292915002,0.4930328619334108,-1.3451555758437233,-0.42217056994867763,-0.4174246540507001,0.1442158130753202,0.38649592549476136,13.0,0.006500000000000001,0.4,0.2,0.8,9,-0.6088749219910855,0.05095509772017874,-0.6941548006628053,-0.5435380349917065,0.15061676567109883,0.030675539975706823,False,avg_strategy_sharpe,5,10,1.0,-0.6598300197112642
10,120,10/120,5,5,-0.11882566650799284,-0.1305029600379587,0.06712031086375606,-0.018028097321471058,-0.07241200967350625,0.08962331583452603,-0.09552310865167324,-0.641221941720543,-0.7889110723353705,0.4847343215597462,-1.2392080221988067,-0.48368918491529855,-0.45256539179595545,0.1058603531254233,0.3823321554770318,16.0,0.008,0.4,0.2,0.8,6,-0.571714538972608,0.09679563885639877,-0.6941548006628053,-0.427197469282435,0.2669573313803703,-0.06950740274793499,False,avg_strategy_sharpe,5,10,1.0,-0.6685101778290068
20,120,20/120,5,5,-0.101221159328575,-0.0959418923206673,0.0541063917256984,-0.00042359014205322064,-0.040498419487236204,0.0828040838937095,-0.08746470939135398,-0.5567265102840009,-0.5069394159032178,0.4232450310937384,-1.2269773505260855,-0.39919375347875635,-0.40728045624907727,0.15114528867230145,0.37809187279151946,13.4,0.0067,0.4,0.2,0.8,6,-0.6267255427343892,0.04917699692646465,-0.6941548006628053,-0.5567265102840009,0.13742829037880444,0.0699990324503883,True,avg_strategy_sharpe,5,10,1.0,-0.6759025396608538
25,100,25/100,5,5,-0.0933711786668319,-0.0642430674178216,0.09484810525720047,0.008786949495634699,0.014192799360617236,0.06414479244651845,-0.0720035194159161,-0.5579538221852309,-0.3720440931122061,0.7323563233372853,-1.8184712386518884,-0.3758947010696211,-0.40239879763466996,0.17097650738489745,0.3933256616800921,11.0,0.0055,0.6,0.2,1.0,9,-0.569015273207535,0.11310767496287695,-0.7557517202945261,-0.38069197934124915,0.37505974095327693,0.011061451022304047,False,avg_strategy_sharpe,5,10,1.0,-0.682122948170412
25,120,25/120,5,5,-0.11525703259264934,-0.10610087017781344,0.08182065800644052,-0.01445946340612756,-0.06311143247853745,0.09987039411179748,-0.09253236528309916,-0.678481128393345,-0.5945013412241894,0.6725167597846048,-1.6125226073696324,-0.5209483715881005,-0.44122980390597705,0.11719594101540168,0.38162544169611307,11.4,0.0057,0.4,0.2,0.8,6,-0.6345743876327957,0.053207894196474294,-0.7076264683018048,-0.5567265102840009,0.15089995801780387,-0.043906740760549234,False,avg_strategy_sharpe,5,10,1.0,-0.68778228182927
25,110,25/110,5,5,-0.10569554571080667,-0.08715220636117826,0.07970514202132879,-0.00833868365544559,-0.04398693313767654,0.08126346313222492,-0.09332948096444316,-0.630271688442475,-0.5111753047845071,0.6657333229034628,-1.7155779722185538,-0.4742428763757739,-0.4257494407790988,0.13589102634692146,0.38649592549476136,11.0,0.0055,0.4,0.2,0.8,9,-0.6294099892520264,0.0711717136664174,-0.7557517202945261,-0.5435380349917065,0.2122136853028196,-0.0008616991904486504,False,avg_strategy_sharpe,5,10,1.0,-0.7005817029184438
35,80,35/80,5,5,-0.10672958175647555,-0.07678499315110687,0.09477105209013395,-0.01958453774289224,-0.03363545421605929,0.0851871105376535,-0.1227114199563033,-0.6348888443910592,-0.45981004617021193,0.7858885447394239,-1.9895271681449687,-0.5004300403967935,-0.4207558962913792,0.15872453726017186,0.39325084364454443,12.6,0.0063,0.4,0.2,1.0,9,-0.5709458923478585,0.13580826151223513,-0.7876661003084091,-0.3858289780245725,0.4018371222838366,-0.06394295204320066,False,avg_strategy_sharpe,5,10,1.0,-0.7067541538600937
30,90,30/90,5,5,-0.08713178405257657,-0.05994031182363024,0.10495199029155852,0.00401269590887614,-0.007919466458282898,0.05975484546108734,-0.068276214548318,-0.5400095392949406,-0.3197712292226423,0.7980914916570452,-1.9067970786092734,-0.38975508117540064,-0.4107493091564615,0.16713498709135566,0.39726962457337883,11.8,0.005900000000000001,0.4,0.2,1.0,9,-0.5794465456755863,0.16854426226283054,-0.8531592168787159,-0.3714059702517315,0.4817532466269844,0.039437006380645734,False,avg_strategy_sharpe,5,10,1.0,-0.7479908079384168
40,80,40/80,5,5,-0.12134040529534151,-0.11064124855041602,0.050288267435641035,-0.034195361281758194,-0.06749170961536843,0.09928698353454576,-0.1500869673066445,-0.6817678286190486,-0.6976261097583988,0.43236554588056403,-1.30232726974782,-0.5473090246247831,-0.45585089584918254,0.12362953770236848,0.38965129358830153,12.6,0.0063,0.4,0.0,1.0,6,-0.6300954745395444,0.12281413305922105,-0.7876661003084091,-0.44880744075102585,0.33885865955738326,-0.05167235407950421,False,avg_strategy_sharpe,5,10,1.0,-0.7529096075987655
30,100,30/100,5,5,-0.11687208193259262,-0.10032523757954692,0.09894002284954766,-0.01471395377012603,-0.021889370801108088,0.07453171408565364,-0.0871898745608709,-0.7557517202945261,-0.6488206204615721,0.8654286305904213,-2.2095402913936812,-0.5736925991789162,-0.4533563548645091,0.1200189501550583,0.3949367088607595,11.0,0.0055,0.2,0.2,1.0,9,-0.6627800128051291,0.14097331931440318,-0.8531592168787159,-0.38069197934124915,0.4724672375374667,-0.09297170748939698,False,avg_strategy_sharpe,5,10,1.0,-0.8037533321195323
30,120,30/120,5,5,-0.11357789358446087,-0.12212860154090555,0.08630647549740875,-0.01278032439793908,-0.041966232970700235,0.10279972618557129,-0.1277595238667002,-0.6561411483597697,-0.4305573396871578,0.6888845450442598,-1.7431038707368742,-0.4986083915545252,-0.42844452090010804,0.1299812240212707,0.3792697290930506,10.6,0.0053,0.4,0.2,0.8,6,-0.724114963403629,0.08454347224080291,-0.8679425068354114,-0.630271688442475,0.23767081839293636,0.06797381504385935,False,avg_strategy_sharpe,5,10,1.0,-0.808658435644432
40,90,40/90,5,5,-0.13162944622497746,-0.10442794905102748,0.06784095303182958,-0.040484966263524734,-0.04822806002374469,0.08741630684229844,-0.1727321890798259,-0.7876661003084091,-0.6482706857199025,0.6469157598271458,-1.8900633198569377,-0.6374116421888691,-0.4847265593030765,0.09315773694474065,0.3945392491467577,11.4,0.0057,0.4,0.0,0.8,6,-0.7476839957239162,0.07305719501293134,-0.8531592168787159,-0.6348888443910592,0.21827037248765668,-0.03998210458449292,False,avg_strategy_sharpe,5,10,1.0,-0.8207411907368476
30,110,30/110,5,5,-0.11223476079446322,-0.09038012793278571,0.08867039883877645,-0.014877898739102146,-0.027663047788852535,0.08507383832255996,-0.09992849121213387,-0.7076264683018048,-0.574029715124448,0.8099340205495424,-2.0770587691523006,-0.5515976562351036,-0.4438084788606914,0.1178319882653289,0.38649592549476136,10.2,0.0051,0.4,0.2,0.8,9,-0.7235060599755829,0.09896412588702305,-0.8679425068354114,-0.5579538221852309,0.3099886846501805,0.01587959167377817,False,avg_strategy_sharpe,5,10,1.0,-0.822470185862606
35,90,35/90,5,5,-0.12124685889190193,-0.10669861423222327,0.08700588528252708,-0.030102378930449203,-0.05072286973314144,0.08821312995283691,-0.14276385467033037,-0.7353288404182516,-0.5927398567691121,0.7453391040739157,-1.9956031624254165,-0.5850743822987117,-0.47662165940279255,0.10126263684502468,0.39476678043230945,10.6,0.005300000000000001,0.4,0.2,1.0,9,-0.6852993568841708,0.13789301644449892,-0.8531592168787159,-0.3858289780245725,0.4673302388541434,-0.050029483534080876,False,avg_strategy_sharpe,5,10,1.0,-0.8231923733286697
35,100,35/100,5,5,-0.13002539148441145,-0.08808943700655514,0.08020783942113185,-0.02786726332194487,-0.03489496753786281,0.07254752261560417,-0.12645141875342514,-0.8531592168787159,-0.5542966875070915,0.8184734697046661,-2.235062228921791,-0.671100095763106,-0.4751978719814268,0.09817743303814053,0.39171461449942463,10.2,0.0051,0.4,0.0,0.8,9,-0.771375740759517,0.10814884556462262,-0.9653197975220239,-0.5400095392949406,0.42531025822708335,-0.0817834761191989,False,avg_strategy_sharpe,5,10,1.0,-0.8795245863241397
40,100,40/100,5,5,-0.1248577398219561,-0.10857518795396104,0.07303468486418983,-0.022699611659489506,-0.030139321175522205,0.0686204850053437,-0.11132948193698444,-0.7932931437280131,-0.6699836834551659,0.695840090908208,-1.9529120130354156,-0.6112340226124031,-0.4649601736115721,0.10841513140799526,0.392174913693901,10.6,0.005300000000000001,0.4,0.0,1.0,6,-0.8231656564907301,0.07226569496130608,-0.9653197975220239,-0.7353288404182516,0.22999095710377226,0.029872512762717074,False,avg_strategy_sharpe,5,10,1.0,-0.8954313514520362
35,110,35/110,5,5,-0.12433989983291857,-0.10274504199879986,0.07346374800526886,-0.026983037777557506,-0.04002796185486668,0.08206579308382957,-0.13019978110808483,-0.804226840088968,-0.6268907969190853,0.802020434067768,-2.2019018799807264,-0.648198028022267,-0.45725964969950095,0.10438081742651932,0.3860302677532014,10.2,0.0051,0.4,0.2,0.8,9,-0.8095993973676321,0.08948642811569346,-0.9653197975220239,-0.6561411483597697,0.30917864916225424,0.005372557278664036,False,avg_strategy_sharpe,5,10,1.0,-0.8990858254833256
40,110,40/110,5,5,-0.15268837737876098,-0.14795085393135488,0.06210488672763143,-0.0553315153233999,-0.04965618627606738,0.09634834292591729,-0.17615323852302855,-0.9653197975220239,-0.6176784610874002,0.6456841520147526,-1.9626110128653333,-0.8092909854553229,-0.5020584810033488,0.05958198612267136,0.3820721769499418,10.2,0.0051,0.4,0.0,0.6,6,-0.8611458732254312,0.05668725243974115,-0.9653197975220239,-0.7932931437280131,0.17202665379401083,-0.10417392429659267,False,avg_strategy_sharpe,5,10,1.0,-0.9178331256651724
35,120,35/120,5,5,-0.1407646321286619,-0.15939876959216293,0.09842672619878937,-0.0399670629421401,-0.034647093600931655,0.12470058597572288,-0.2060175758661167,-0.8679425068354114,-0.7265030889902885,0.8120361928776875,-2.126810431598444,-0.7104097500301669,-0.4621465842267055,0.09627916069467328,0.3787985865724382,9.8,0.0049,0.4,0.2,0.6,6,-0.8140317492345721,0.10558534366721632,-0.9653197975220239,-0.6561411483597697,0.30917864916225424,-0.0539107576008393,False,avg_strategy_sharpe,5,10,1.0,-0.9196170929017884
40,120,40/120,5,5,-0.14026386917972553,-0.16531686764293252,0.0713223066957588,-0.039466299993203745,-0.027530925617637814,0.09130489677112291,-0.15324395690096748,-0.8829337342994554,-0.5244550375812598,0.6684905700674405,-1.9381173046950981,-0.725400977494211,-0.4601875642463771,0.0982381806750017,0.3762073027090695,9.8,0.0049,0.4,0.0,0.6,4,-0.8801057196864647,0.057391168405616755,-0.9653197975220239,-0.804226840088968,0.16109295743305585,-0.002828014612990759,False,avg_strategy_sharpe,5,10,1.0,-0.9374968880920814
